CD,NM,ROE,PER,PBR,PROFIT,INCOME
A098120,마이크로컨텍솔,"[2.77, 3.32, 19.78]","[44.81, 45.82, 15.59]","[1.22, 1.49, 2.81]","[6, 17, 79]","[8, 11, 76]"
A095570,AJ네트웍스,"[15.18, -1.3, 23.75]","[5.06, -55.11, 3.3]","[0.73, 0.74, 0.67]","[156, 211, 451]","[421, -33, 767]"
A282330,BGF리테일,"[26.46, 18.6, 19.61]","[19.35, 19.09, 17.03]","[4.7, 3.36, 3.11]","[1966, 1622, 1994]","[1514, 1227, 1476]"
A000995,DB하이텍1우,"[17.39, 23.07, 33.35]","[11.74, 13.67, 10.21]","[1.86, 2.79, 2.86]","[1813, 2393, 3991]","[1046, 1660, 3169]"
A000990,DB하이텍,"[17.39, 23.07, 33.35]","[11.74, 13.67, 10.21]","[1.86, 2.79, 2.86]","[1813, 2393, 3991]","[1046, 1660, 3169]"
A000215,DL우,"[11.74, 11.84, 26.52]","[5.25, 6.34, 1.47]","[0.59, 1.24, 0.35]","[1360, 1190, 2219]","[7103, 5727, 8750]"
A001880,DL건설,"[23.04, 23.71, 19.95]","[3.17, 3.94, 3.6]","[0.66, 0.89, 0.66]","[1430, 2034, 2296]","[951, 1493, 1756]"
A000210,DL,"[11.74, 11.84, 26.52]","[5.25, 6.34, 1.47]","[0.59, 1.24, 0.35]","[1360, 1190, 2219]","[7103, 5727, 8750]"
A007700,F&F홀딩스,"[25.13, 16.59, 153.88]","[15.65, 15.15, 0.38]","[3.56, 2.35, 0.67]","[1507, -44, 2231]","[1099, 854, 20180]"
A078935,GS우,"[6.26, -2.81, 15.54]","[8.98, -14.65, 2.56]","[0.55, 0.43, 0.36]","[20331, 9206, 26403]","[6689, -1878, 16147]"
A078930,GS,"[6.26, -2.81, 15.54]","[8.98, -14.65, 2.56]","[0.55, 0.43, 0.36]","[20331, 9206, 26403]","[6689, -1878, 16147]"
A016385,KG동부제철우,"[-7.44, 7.18, 17.99]","[-8.37, 17.37, 5.55]","[0.88, 1.19, 0.92]","[346, 1108, 2969]","[-335, 669, 1907]"
A016380,KG동부제철,"[-7.44, 7.18, 17.99]","[-8.37, 17.37, 5.55]","[0.88, 1.19, 0.92]","[346, 1108, 2969]","[-335, 669, 1907]"
A001390,KG케미칼,"[32.69, 11.94, 17.39]","[1.59, 7.19, 5.71]","[0.45, 0.81, 0.9]","[1180, 2430, 4672]","[2193, 1547, 2820]"
A051905,LG생활건강우,"[20.32, 17.92, 16.65]","[28.71, 35.99, 23.01]","[5.1, 5.71, 3.41]","[11764, 12209, 12896]","[7882, 8131, 8611]"
A051900,LG생활건강,"[20.32, 17.92, 16.65]","[28.71, 35.99, 23.01]","[5.1, 5.71, 3.41]","[11764, 12209, 12896]","[7882, 8131, 8611]"
A011070,LG이노텍,"[4.73, 10.2, 30.94]","[32.39, 18.29, 9.7]","[1.5, 1.78, 2.6]","[4764, 6810, 12642]","[1023, 2361, 8883]"
A051915,LG화학우,"[1.84, 2.93, 18.47]","[79.31, 125.83, 13.12]","[1.43, 3.55, 2.21]","[8254, 18054, 50255]","[3761, 6824, 39539]"
A051910,LG화학,"[1.84, 2.93, 18.47]","[79.31, 125.83, 13.12]","[1.43, 3.55, 2.21]","[8254, 18054, 50255]","[3761, 6824, 39539]"
A001120,LX인터내셔널,"[2.48, 23.71, 22.49]","[20.41, 3.22, 2.93]","[0.5, 0.66, 0.54]","[1348, 1598, 6562]","[-149, 3616, 5403]"
A035420,NAVER,"[10.56, 15.21, 106.72]","[52.72, 47.97, 3.77]","[4.67, 5.85, 2.4]","[11550, 12153, 13255]","[3968, 8450, 164776]"
A008260,NI스틸,"[5.91, 10.45, 16.75]","[9.85, 6.05, 4.38]","[0.57, 0.6, 0.68]","[121, 186, 312]","[64, 121, 221]"
A010060,OCI,"[-26.2, -9.89, 23.93]","[-1.88, -9.01, 3.83]","[0.57, 0.94, 0.81]","[-1806, -861, 6260]","[-8074, -2512, 6521]"
A010955,S-Oil우,"[1.01, -13.07, 21.76]","[169.84, -10.14, 7.25]","[1.71, 1.42, 1.43]","[4201, -10991, 21409]","[654, -7961, 13785]"
A010950,S-Oil,"[1.01, -13.07, 21.76]","[169.84, -10.14, 7.25]","[1.71, 1.42, 1.43]","[4201, -10991, 21409]","[654, -7961, 13785]"
A950110,SBI핀테크솔루션즈,"[30.05, 22.11, 17.22]","[33.78, 18.41, 28.14]","[7.95, 3.45, 4.64]","[141, 121, 151]","[94, 93, 79]"
A001770,SHD,"[2.83, 1.42, 15.4]","[27.05, 50.68, 6.28]","[0.76, 0.72, 0.9]","[10, 2, 57]","[10, 5, 58]"
A009160,SIMPAC,"[2.17, 7.54, 17.97]","[20.31, 4.73, 4.62]","[0.4, 0.31, 0.66]","[111, 78, 1064]","[95, 341, 908]"
A210980,SK디앤디,"[12.66, 14.88, 22.91]","[12.31, 14.52, 5.76]","[1.53, 1.99, 1.2]","[823, 1398, 1294]","[449, 661, 1336]"
A002710,TCC스틸,"[4.42, -1.3, 21.49]","[12.4, -81.98, 7.9]","[0.51, 1.05, 1.49]","[129, 10, 256]","[50, -17, 287]"
A009450,경동나비엔,"[9.59, 12.83, 20.2]","[21.31, 16.12, 9.42]","[1.96, 2.02, 1.76]","[448, 671, 643]","[279, 416, 807]"
A013580,계룡건설,"[16.94, 18.69, 24.9]","[2.53, 2.66, 1.87]","[0.4, 0.45, 0.41]","[1359, 1748, 2327]","[746, 954, 1564]"
A049720,고려신용정보,"[0.0, 39.79, 31.62]","[10.67, 8.29, 12.35]","[3.05, 2.84, 3.58]","[81, 100, 125]","[66, 103, 99]"
A098460,고영,"[12.59, 3.74, 15.04]","[48.87, 157.37, 41.1]","[5.85, 5.77, 5.71]","[333, 158, 414]","[296, 92, 396]"
A215000,골프존,"[8.21, 18.02, 29.79]","[26.67, 11.36, 14.37]","[2.16, 1.94, 3.81]","[323, 516, 1077]","[162, 375, 764]"
A121440,골프존뉴딘홀딩스,"[-6.76, 6.17, 25.23]","[-4.84, 8.42, 2.84]","[0.34, 0.51, 0.64]","[-36, 300, 732]","[-341, 285, 1359]"
A339770,교촌에프앤비,"[43.7, 20.4, 17.91]","[0.0, 17.58, 13.89]","[3.17, 2.31]","[410, 410]","[238, 298]"
A007690,국도화학,"[6.93, 5.54, 23.53]","[7.81, 10.68, 2.88]","[0.51, 0.55, 0.61]","[421, 460, 2047]","[355, 308, 1571]"
A083450,GST,"[19.83, 15.06, 29.42]","[5.32, 10.14, 9.29]","[0.91, 1.37, 2.27]","[219, 182, 464]","[180, 155, 390]"
A002995,금호건설우,"[3.2, 6.89, 28.4]","[35.65, 12.63, 2.89]","[1.08, 0.83, 0.64]","[555, 812, 1116]","[117, 264, 1481]"
A002990,금호건설,"[3.2, 6.89, 28.4]","[35.65, 12.63, 2.89]","[1.08, 0.83, 0.64]","[555, 812, 1116]","[117, 264, 1481]"
A011785,금호석유우,"[11.84, 20.18, 47.76]","[8.81, 8.33, 2.83]","[0.82, 1.28, 0.92]","[3654, 7422, 24068]","[2947, 5830, 19656]"
A011780,금호석유,"[11.84, 20.18, 47.76]","[8.81, 8.33, 2.83]","[0.82, 1.28, 0.92]","[3654, 7422, 24068]","[2947, 5830, 19656]"
A137080,나래나노텍,"[0.0, 4.95, 32.21]","[0.0, 0.0, 0.0]",[],[],[]
A190510,나무가,"[-0.94, -19.1, 33.49]","[-435.87, -18.77, 11.43]","[3.7, 3.86, 3.2]","[27, -23, 230]","[-6, -79, 160]"
A293580,나우IB,"[0.0, 10.37, 15.39]","[14.73, 9.02, 7.7]","[0.61, 0.89, 1.1]","[37, 100, 162]","[29, 76, 126]"
A130580,나이스디앤비,"[21.19, 18.38, 19.71]","[12.04, 14.02, 11.14]","[2.33, 2.41, 2.04]","[128, 141, 169]","[113, 113, 140]"
A036800,나이스정보통신,"[13.88, 5.74, 15.37]","[9.52, 21.1, 7.41]","[1.17, 1.11, 1.0]","[356, 367, 468]","[295, 130, 396]"
A030190,NICE평가정보,"[19.3, 19.54, 19.52]","[20.77, 31.92, 19.99]","[3.72, 5.73, 3.57]","[513, 627, 726]","[408, 472, 547]"
A001260,남광토건,"[7.58, 23.09, 28.15]","[28.74, 9.57, 6.3]","[2.1, 1.98, 1.56]","[48, 152, 208]","[39, 138, 217]"
A008355,남선알미우,"[8.33, 5.72, 19.6]","[24.65, 49.22, 6.59]","[1.99, 2.74, 1.16]","[116, -15, -69]","[145, 105, 417]"
A008350,남선알미늄,"[8.33, 5.72, 19.6]","[24.65, 49.22, 6.59]","[1.99, 2.74, 1.16]","[116, -15, -69]","[145, 105, 417]"
A042420,네오위즈홀딩스,"[6.57, 15.01, 16.38]","[6.01, 2.81, 13.11]","[0.35, 0.33, 1.62]","[294, 578, 194]","[409, 950, 1037]"
A348210,넥스틴,"[-108.77, 62.17, 32.42]","[0.0, 32.57, 31.9]","[11.66, 8.88]","[181, 221]","[147, 181]"
A217270,넵튠,"[-25.05, 49.96, 30.49]","[-8.44, 13.51, 11.16]","[2.28, 5.43, 2.26]","[-101, -87, -246]","[-208, 438, 698]"
A194700,노바렉스,"[17.23, 24.25, 20.68]","[12.3, 13.95, 13.11]","[1.74, 2.68, 2.19]","[163, 270, 300]","[145, 250, 263]"
A285490,노바텍,"[16.42, 44.1, 42.97]","[18.92, 19.29, 11.0]","[3.39, 5.96, 3.72]","[55, 293, 329]","[55, 271, 347]"
A376930,노을,"[0.0, 104.21, 228.32]","[0.0, 0.0, 0.0]",[],[],[]
A278650,노터스,"[13.42, 17.38, 16.76]","[34.43, 22.86, 22.28]","[3.68, 3.53, 3.46]","[67, 88, 98]","[46, 86, 103]"
A270870,뉴트리,"[17.94, 30.0, 24.05]","[13.21, 11.78, 10.16]","[2.19, 3.1, 2.1]","[120, 229, 208]","[95, 194, 199]"
A119860,다나와,"[23.63, 25.11, 19.65]","[13.22, 13.0, 11.85]","[2.82, 2.91, 2.15]","[284, 378, 349]","[236, 309, 290]"
A064260,다날,"[13.96, 7.87, 19.72]","[7.58, 18.91, 18.06]","[0.96, 1.39, 2.91]","[109, 150, 160]","[228, 124, 663]"
A023590,다우기술,"[14.62, 18.85, 21.11]","[4.6, 3.57, 2.72]","[0.62, 0.6, 0.5]","[5075, 10154, 12572]","[3959, 6794, 9142]"
A032190,다우데이타,"[13.08, 14.16, 17.6]","[4.66, 5.1, 3.93]","[0.52, 0.65, 0.63]","[5590, 10553, 13155]","[4088, 6580, 9018]"
A048470,대동스틸,"[0.51, 0.32, 20.82]","[170.5, 241.63, 4.02]","[0.87, 0.76, 0.75]","[-5, 10, 176]","[3, 2, 145]"
A003545,대신증권우,"[4.79, 7.35, 26.41]","[10.95, 7.61, 2.62]","[0.41, 0.42, 0.47]","[997, 2392, 8855]","[940, 1470, 6158]"
A003547,대신증권2우B,"[4.79, 7.35, 26.41]","[10.95, 7.61, 2.62]","[0.41, 0.42, 0.47]","[997, 2392, 8855]","[940, 1470, 6158]"
A003540,대신증권,"[4.79, 7.35, 26.41]","[10.95, 7.61, 2.62]","[0.41, 0.42, 0.47]","[997, 2392, 8855]","[940, 1470, 6158]"
A009190,대양금속,"[7.06, -0.91, 17.39]","[113.98, -237.48, 13.84]","[7.89, 2.15, 2.2]","[32, 11, 152]","[35, -7, 152]"
A047040,대우건설,"[8.8, 11.06, 16.47]","[9.44, 7.3, 4.95]","[0.79, 0.77, 0.74]","[3641, 5583, 7383]","[2012, 2826, 4849]"
A078600,대주전자재료,"[-1.11, 6.12, 21.24]","[-301.11, 140.54, 72.1]","[3.25, 8.09, 12.22]","[27, 90, 176]","[-7, 53, 230]"
A140520,대창스틸,"[-0.74, -7.09, 15.14]","[-69.76, -7.92, 4.58]","[0.52, 0.59, 0.65]","[41, -24, 99]","[-65, 154]"
A054670,대한뉴팜,"[29.27, -16.82, 22.15]","[9.8, -17.87, 9.97]","[2.39, 2.99, 1.86]","[207, 246, 267]","[152, -101, 157]"
A084010,대한제강,"[6.73, 10.21, 24.75]","[4.93, 5.26, 2.71]","[0.29, 0.45, 0.52]","[420, 818, 2018]","[296, 531, 1637]"
A005880,대한해운,"[11.47, 1.1, 23.91]","[6.21, 84.53, 3.12]","[0.67, 0.93, 0.64]","[1288, 1459, 2039]","[1010, 275, 3066]"
A298540,더네이쳐홀딩스,"[35.28, 32.1, 30.41]","[0.0, 6.88, 7.38]","[1.76, 1.96]","[545, 689]","[383, 583]"
A192080,더블유게임즈,"[18.93, 16.94, 16.5]","[8.25, 9.82, 8.48]","[1.3, 1.51, 1.17]","[1546, 1942, 1904]","[1103, 1248, 1563]"
A299170,더블유에스아이,"[0.0, -8.81, 24.71]","[0.0, -59.53, 9.92]","[0.0, 4.04, 2.19]","[46, 56, 60]","[35, -16, 72]"
A194480,데브시스터즈,"[-11.95, -5.7, 45.11]","[-6.18, -27.47, 19.93]","[0.7, 1.4, 6.73]","[-222, -61, 567]","[-139, -59, 604]"
A145720,덴티움,"[7.37, 10.34, 21.29]","[40.28, 20.18, 13.92]","[2.24, 1.55, 2.06]","[447, 396, 699]","[137, 222, 555]"
A001230,동국제강,"[-3.63, 3.35, 23.41]","[-8.29, 11.9, 2.76]","[0.3, 0.37, 0.56]","[1646, 2947, 8030]","[-817, 695, 5586]"
A005965,동부건설우,"[15.29, 10.1, 22.97]","[3.05, 6.87, 2.86]","[0.45, 0.68, 0.6]","[555, 482, 613]","[598, 443, 1165]"
A005960,동부건설,"[15.29, 10.1, 22.97]","[3.05, 6.87, 2.86]","[0.45, 0.68, 0.6]","[555, 482, 613]","[598, 443, 1165]"
A033500,동성화인텍,"[19.99, 20.79, 21.02]","[16.87, 14.95, 12.38]","[2.96, 2.84, 2.27]","[269, 320, 302]","[169, 213, 265]"
A060380,동양에스텍,"[3.81, 9.87, 28.21]","[15.14, 5.81, 3.8]","[0.57, 0.54, 0.93]","[28, 46, 228]","[22, 57, 192]"
A005290,동진쎄미켐,"[17.78, 21.58, 20.92]","[14.71, 22.01, 25.39]","[2.42, 4.33, 4.74]","[1049, 1263, 1318]","[587, 853, 1029]"
A203650,드림시큐리티,"[5.72, 7.42, 18.06]","[43.0, 40.31, 16.91]","[2.12, 2.85, 2.94]","[18, 131, 177]","[25, 62, 150]"
A192650,드림텍,"[13.24, 8.79, 22.97]","[16.12, 34.41, 11.35]","[1.85, 2.87, 2.3]","[305, 286, 961]","[234, 107, 793]"
A024090,디씨엠,"[14.56, 10.98, 23.91]","[6.06, 7.18, 5.37]","[0.65, 0.6, 0.91]","[175, 147, 349]","[235, 200, 508]"
A092200,디아이씨,"[-33.7, -128.28, 45.03]","[-1.25, -0.94, 7.48]","[0.52, 3.19, 2.32]","[-320, -710, 273]","[-557, -1191, 295]"
A263690,디알젬,"[17.88, 47.0, 22.11]","[17.27, 9.63, 10.83]","[2.87, 3.62, 2.17]","[46, 230, 124]","[55, 200, 126]"
A263720,디앤씨미디어,"[12.44, 23.23, 25.05]","[48.31, 41.57, 33.61]","[5.72, 8.63, 7.36]","[79, 137, 151]","[49, 109, 155]"
A241520,DSC인베스트먼트,"[25.86, 51.02, 23.61]","[7.05, 4.5, 10.35]","[1.72, 1.84, 2.16]","[93, 289, 166]","[82, 240, 161]"
A039840,디오,"[16.97, 7.37, 16.27]","[29.74, 44.05, 20.68]","[4.41, 2.92, 2.96]","[348, 300, 348]","[256, 114, 281]"
<<<<<<< HEAD
A113810,디젠스,"[-14.22, -37.46, 25.18]","[-6.46, -3.91, 7.88]","[0.98, 1.83, 1.75]","[-23, 12, 36]","[-30, -61, 38]"
A232680,라온테크,"[-36.44, 21.67, 48.89]","[-12.33, 65.11, 31.49]","[13.46, 30.73, 25.02]","[-12, 11, 52]","[-14, 8, 59]"
=======
A232680,라온테크,"[-36.44, 21.67, 48.89]","[-12.32, 65.04, 31.45]","[5.38, 12.29, 10.01]","[-12, 11, 52]","[-14, 8, 59]"
>>>>>>> 92259ae0bf36b047b95c344b68dab7f4eb7924f4
A084650,랩지노믹스,"[3.18, 0.0, 70.1]","[53.03, 4.92, 3.42]","[1.76, 2.65, 1.8]","[11, 549, 1045]","[10, 428, 839]"
A281740,레이크머티리얼즈,"[6.49, 5.81, 36.65]","[0.0, 91.16, 19.88]","[0.0, 4.49, 6.17]","[26, 47, 207]","[18, 20, 181]"
A004000,롯데정밀화학,"[11.73, 12.65, 30.43]","[6.92, 7.16, 3.31]","[0.77, 0.85, 0.87]","[1897, 1392, 2445]","[1684, 1988, 5855]"
A085370,루트로닉,"[-16.17, -14.56, 25.32]","[-11.67, -16.4, 18.49]","[2.07, 2.52, 4.1]","[-26, 62, 298]","[-204, -154, 277]"
A08537M,루트로닉3우C,"[-16.17, -14.56, 25.32]","[-11.67, -16.4, 18.49]","[2.07, 2.52, 4.1]","[-26, 62, 298]","[-204, -154, 277]"
A058470,리노공업,"[18.75, 17.37, 27.5]","[18.57, 37.16, 29.12]","[3.25, 6.07, 7.21]","[641, 779, 1171]","[528, 554, 1038]"
A377450,리파인,"[0.0, 57.37, 19.75]","[0.0, 0.0, 11.74]",[1.8],[210],[169]
A147760,마이크로프랜드,"[-10.64, 14.48, 15.19]","[-11.99, 11.11, 12.28]","[1.35, 1.5, 1.73]","[-28, 49, 102]","[-46, 64, 79]"
A169330,엠브레인,"[19.16, 23.53, 20.22]","[0.0, 0.0, 16.33]",[3.1],[62],[49]
A267980,매일유업,"[17.14, 13.67, 15.84]","[10.5, 9.51, 7.26]","[1.67, 1.21, 1.02]","[853, 865, 878]","[643, 577, 742]"
A093520,매커스,"[9.11, 14.57, 36.66]","[12.7, 10.17, 5.2]","[0.92, 1.07, 1.21]","[59, 95, 260]","[48, 81, 250]"
A067280,멀티캠퍼스,"[18.19, 8.76, 15.99]","[11.03, 20.41, 13.44]","[1.86, 1.73, 2.0]","[242, 137, 265]","[189, 99, 206]"
A215200,메가스터디교육,"[20.45, 8.38, 26.83]","[10.42, 21.47, 12.04]","[1.96, 1.72, 2.86]","[596, 328, 990]","[484, 210, 815]"
A086900,메디톡스,"[10.24, -11.82, 29.38]","[65.58, -37.02, 10.68]","[6.22, 4.34, 2.39]","[257, -371, 345]","[256, -300, 933]"
A138040,메리츠금융지주,"[15.26, 16.06, 22.32]","[4.15, 2.74, 7.47]","[0.58, 0.39, 1.49]","[9623, 13721, 18006]","[7871, 9253, 13832]"
A008560,메리츠증권,"[15.05, 13.08, 15.77]","[4.8, 4.74, 4.87]","[0.62, 0.56, 0.62]","[6799, 8280, 9489]","[5546, 5651, 7829]"
A000060,메리츠화재,"[12.8, 16.91, 26.12]","[6.75, 3.88, 6.13]","[0.82, 0.64, 1.52]","[3528, 6080, 9076]","[3013, 4318, 6609]"
A059210,메타바이오메드,"[6.48, -8.09, 17.91]","[19.86, -16.38, 7.24]","[1.22, 1.34, 1.13]","[58, 27, 49]","[36, -41, 97]"
A058110,멕아이씨에스,"[-31.4, 113.22, 17.29]","[-14.58, 9.93, 17.63]","[5.16, 6.9, 2.34]","[-2, 303, 106]","[-17, 241, 91]"
A009900,명신산업,"[53.84, -67.39, 18.84]","[0.0, -19.79, 32.43]","[10.93, 5.32]","[662, 565]","[-888, 453]"
A005360,모나미,"[1.49, 0.09, 16.48]","[57.63, 1334.49, 5.59]","[0.78, 1.19, 0.86]","[21, 51]","[13, 157]"
A080160,모두투어,"[1.39, -73.08, 28.79]","[192.37, -6.02, 23.5]","[2.59, 6.8, 5.45]","[32, -206, -233]","[23, -647, 185]"
A100030,모바일리더,"[-5.58, 14.99, 23.26]","[-38.06, 12.23, 6.89]","[1.83, 1.42, 1.19]","[50, 45, 44]","[-15, 52, 96]"
A008420,문배철강,"[2.14, 7.47, 19.36]","[22.13, 8.14, 3.09]","[0.45, 0.56, 0.52]","[26, 28, 208]","[24, 86, 254]"
A100790,미래에셋벤처투자,"[10.18, 18.31, 38.03]","[10.43, 8.3, 4.86]","[0.97, 1.42, 1.57]","[163, 389, 964]","[139, 302, 803]"
A002840,미원상사,"[14.74, 21.07, 20.49]","[9.25, 11.72, 17.52]","[1.29, 2.26, 3.4]","[323, 429, 572]","[311, 518, 577]"
A268280,미원에스씨,"[0.0, 13.58, 27.2]","[9.57, 15.54, 13.95]","[1.51, 2.02, 3.36]","[466, 492, 950]","[396, 347, 799]"
A107590,미원홀딩스,"[11.03, 11.35, 18.16]","[6.24, 10.23, 10.61]","[0.65, 1.1, 1.73]","[78, 218, 297]","[163, 237, 402]"
A950190,미투젠,"[95.79, 50.84, 26.61]","[0.0, 8.11, 10.46]","[3.29, 2.66]","[474, 367]","[387, 304]"
A214180,민앤지,"[15.71, 15.9, 15.89]","[11.25, 11.62, 12.56]","[1.57, 1.67, 1.93]","[270, 282, 375]","[239, 293, 325]"
A206640,바디텍메드,"[16.78, 47.04, 32.75]","[19.43, 12.23, 8.89]","[3.01, 4.56, 2.5]","[150, 660, 519]","[119, 483, 474]"
A064550,바이오니아,"[-22.49, 65.71, 15.58]","[-19.45, 7.1, 45.34]","[5.01, 3.07, 6.18]","[-85, 1052, 471]","[-74, 592, 292]"
A251120,바이오에프디엔씨,"[0.0, 21.99, 20.54]","[0.0, 0.0, 0.0]",[],[],[]
A086040,바이오톡스텍,"[-5.15, 8.2, 19.05]","[-57.88, 84.9, 16.51]","[3.03, 6.62, 2.85]","[-1, 5, 42]","[-17, 24, 70]"
A099430,바이오플러스,"[44.6, 41.85, 20.0]","[0.0, 0.0, 33.33]",[4.9],[182],[107]
A222160,바이옵트로,"[-18.75, -18.77, 51.09]","[-18.28, -16.45, 9.95]","[4.18, 3.25, 4.05]","[-7, -6, 30]","[-8, -6, 22]"
A043150,바텍,"[14.49, -10.28, 20.67]","[12.8, -13.77, 10.25]","[1.75, 1.5, 1.92]","[429, 316, 655]","[356, -218, 554]"
A066410,버킷스튜디오,"[-9.45, -11.35, 52.3]","[-16.21, -11.86, 4.58]","[1.47, 1.35, 2.23]","[8, 4, -21]","[-27, -51, 509]"
A177350,베셀,"[-44.15, -5.25, 28.53]","[-4.35, -39.34, 5.03]","[2.3, 1.98, 1.09]","[-73, 41, -75]","[-110, -23, 56]"
A100120,뷰웍스,"[16.03, 13.8, 18.68]","[13.01, 13.26, 12.52]","[1.92, 1.68, 2.05]","[264, 291, 348]","[243, 230, 335]"
A099390,브레인즈컴퍼니,"[8.37, 17.49, 15.36]","[0.0, 0.0, 22.68]",[2.99],[53],[49]
A365900,브이씨,"[0.0, 33.18, 27.88]","[0.0, 0.0, 0.0]",[],[],[]
A018290,브이티지엠피,"[4.98, 1.69, 20.09]","[93.94, 275.09, 16.46]","[4.69, 4.08, 3.02]","[103, 55, 264]","[34, -13, 175]"
A126340,비나텍,"[0.0, 14.83, 16.01]","[18.29, 55.09, 34.64]","[4.31, 6.4, 5.13]","[60, 64, 56]","[44, 46, 75]"
A121800,비덴트,"[-3.01, 7.25, 44.63]","[-29.97, 13.29, 4.96]","[1.05, 1.07, 1.93]","[-18, -65, 8]","[-74, 212, 2233]"
A146320,비씨엔씨,"[0.0, 19.77, 36.38]","[0.0, 0.0, 0.0]",[],[],[]
A090460,비에이치,"[24.22, 8.69, 22.55]","[12.4, 28.08, 9.55]","[2.36, 2.14, 1.78]","[626, 340, 711]","[566, 259, 817]"
A335890,비올,"[43.5, -12.49, 19.2]","[0.0, -77.85, 28.43]","[0.0, 7.15, 4.89]","[38, 34, 54]","[33, -18, 44]"
A093190,빅솔론,"[6.57, 3.8, 16.23]","[11.2, 15.86, 4.96]","[0.64, 0.51, 0.63]","[95, 41, 140]","[96, 56, 259]"
A143240,사람인에이치알,"[25.35, 18.4, 23.2]","[14.17, 14.5, 15.09]","[3.07, 2.39, 3.02]","[273, 241, 391]","[255, 216, 318]"
A003960,사조대림,"[30.57, 10.02, 16.06]","[1.52, 4.42, 3.69]","[0.37, 0.34, 0.44]","[496, 494, 1023]","[871, 362, 666]"
A028050,삼성엔지니어링,"[27.49, 17.32, 20.67]","[11.73, 10.29, 12.05]","[2.86, 1.62, 2.24]","[4227, 3612, 5033]","[3238, 2521, 3511]"
A016360,삼성증권,"[8.15, 9.89, 16.94]","[8.8, 7.11, 4.15]","[0.7, 0.68, 0.66]","[5176, 6780, 13087]","[3918, 5078, 9653]"
A003230,삼양식품,"[23.14, 21.46, 15.38]","[11.37, 11.32, 12.67]","[2.39, 2.22, 1.83]","[783, 953, 654]","[600, 680, 567]"
A225190,삼양옵틱스,"[35.97, 5.8, 29.54]","[9.47, 44.38, 9.85]","[3.27, 2.74, 2.79]","[157, 30, 122]","[136, 21, 106]"
A017480,삼현철강,"[4.45, 5.09, 15.37]","[9.5, 8.44, 3.51]","[0.41, 0.42, 0.5]","[79, 86, 331]","[65, 77, 254]"
A046390,삼화네트웍스,"[2.08, -2.86, 16.79]","[91.0, -98.01, 20.71]","[1.74, 2.61, 2.76]","[2, -2, 68]","[7, -10, 64]"
A009470,삼화전기,"[7.03, 9.04, 24.67]","[33.51, 32.66, 14.41]","[2.31, 2.8, 3.12]","[51, 58, 218]","[36, 58, 155]"
A001820,삼화콘덴서,"[21.24, 14.28, 15.15]","[18.34, 29.38, 22.01]","[3.51, 3.89, 3.06]","[373, 271, 332]","[298, 235, 286]"
A038540,상상인,"[26.51, 11.17, 15.76]","[3.85, 5.73, 4.54]","[0.9, 0.6, 0.65]","[1824, 941, 1321]","[1204, 643, 1023]"
A091580,상신이디피,"[8.06, 12.85, 20.16]","[21.69, 20.77, 11.9]","[1.68, 2.46, 2.08]","[91, 195, 197]","[48, 86, 175]"
A042600,새로닉스,"[-2.43, -2.2, 31.27]","[-22.68, -95.52, 11.91]","[0.54, 2.12, 3.14]","[1, 20, -6]","[-19, -16, 290]"
A252990,샘씨엔에스,"[3.08, 28.2, 18.11]","[0.0, 0.0, 27.36]",[3.22],[136],[119]
A038070,서린바이오,"[15.67, 8.18, 23.13]","[7.88, 22.87, 11.64]","[1.15, 1.8, 2.33]","[18, 45, 73]","[89, 48, 158]"
A063170,서울옥션,"[-9.25, -4.06, 21.05]","[-14.54, -46.34, 36.06]","[1.32, 1.8, 6.27]","[-46, -4, 197]","[-87, -27, 160]"
A140070,서플러스글로벌,"[1.28, 8.98, 18.89]","[55.93, 10.12, 5.85]","[0.7, 0.82, 0.95]","[27, 154, 308]","[15, 117, 279]"
A065710,서호전기,"[22.33, 9.15, 21.97]","[7.87, 16.48, 6.19]","[1.61, 1.52, 1.26]","[122, 113, 148]","[153, 68, 174]"
A035890,서희건설,"[18.62, 27.81, 24.74]","[3.51, 2.56, 2.63]","[0.6, 0.65, 0.56]","[1182, 1744, 2068]","[618, 1275, 1373]"
A011300,성안,"[-17.87, -92.56, 87.37]","[-3.26, -0.55, 2.07]","[0.56, 1.42, 1.24]","[-130, -273, -61]","[-162, -481, 205]"
A148150,세경하이테크,"[18.64, -2.77, 15.74]","[17.75, -71.78, 14.7]","[3.01, 2.05, 2.13]","[234, 20, 174]","[211, -35, 227]"
A396300,세아메카닉스,"[20.44, 14.24, 16.94]","[0.0, 0.0, 0.0]",[],[],[]
A003030,세아제강지주,"[-0.32, 1.76, 16.14]","[-63.9, 10.8, 2.42]","[0.2, 0.18, 0.35]","[631, 671, 2990]","[147, 338, 2267]"
A234340,세틀뱅크,"[15.54, 0.0, 16.77]","[19.72, 27.02, 14.34]","[2.34, 2.48, 2.1]","[134, 107, 153]","[129, 113, 225]"
A049180,셀루메드,"[-236.04, -3.89, 21.71]","[-3.45, -270.56, 31.97]","[28.08, 7.54, 5.53]","[-80, 19, 47]","[-373, 11, 84]"
A068270,셀트리온,"[11.19, 16.68, 15.81]","[82.05, 96.68, 48.4]","[8.68, 14.7, 7.0]","[3781, 7121, 7525]","[2980, 5192, 5914]"
A032680,소프트센,"[-9.79, 0.0, 32.32]","[-23.59, -112.64, 5.85]","[2.47, 1.95, 1.61]","[2, 44, 206]","[-34, 9, 158]"
A032685,소프트센우,"[-9.79, 0.0, 32.32]","[-23.59, -112.64, 5.85]","[2.47, 1.95, 1.61]","[2, 44, 206]","[-34, 9, 158]"
A357780,솔브레인,"[0.0, 26.28]","[16.83, 14.59]","[4.27, 3.4]","[1040, 1888]","[649, 1522]"
A253840,수젠텍,"[0.0, -93.85, 44.14]","[-7.25, -6.94, 6.08]","[2.98, 4.92, 2.25]","[-71, 225, 348]","[-96, -411, 361]"
A276040,스코넥,"[0.0, 74.13, 363.06]","[0.0, 0.0, 0.0]",[],[],[]
A330730,스톤브릿지벤처스,"[23.95, 37.24, 43.0]","[0.0, 0.0, 0.0]",[],[],[]
A204630,스튜디오산타클로스,"[-12.79, -25.53, 17.18]","[-13.69, -7.32, 8.81]","[1.73, 2.08, 1.39]","[-49, -47, -10]","[-57, -106, 78]"
A026890,스틱인베스트먼트,"[7.12, 11.76, 28.35]","[20.2, 18.97, 10.57]","[1.25, 1.88, 2.41]","[169, 307, 763]","[111, 200, 581]"
A134790,시디즈,"[27.34, 42.92, 23.47]","[11.32, 6.4, 9.48]","[2.32, 1.91, 1.67]","[86, 197, 127]","[78, 173, 129]"
A065350,신성델타테크,"[4.79, 6.37, 16.62]","[13.89, 30.78, 18.61]","[0.64, 1.99, 2.97]","[102, 148, 439]","[53, 89, 327]"
A035510,신세계 I&C,"[5.44, 33.89, 16.0]","[17.35, 3.1, 8.75]","[0.88, 0.69, 0.94]","[185, 300, 355]","[107, 696, 390]"
A001725,신영증권우,"[6.53, 1.8, 15.34]","[12.75, 36.69, 4.95]","[0.44, 0.34, 0.35]","[1033, 162, 2575]","[780, 203, 1961]"
A001720,신영증권,"[6.53, 1.8, 15.34]","[12.75, 36.69, 4.95]","[0.44, 0.34, 0.35]","[1033, 162, 2575]","[780, 203, 1961]"
A222800,심텍,"[-19.5, 25.12, 35.13]","[-7.95, 11.76, 12.63]","[1.77, 2.58, 3.83]","[-179, 897, 1743]","[-394, 565, 1183]"
A036710,심텍홀딩스,"[-12.11, 18.52, 16.23]","[-4.34, 4.19, 7.69]","[0.54, 0.69, 1.17]","[-171, 884, 1708]","[-386, 535, 1066]"
A160980,싸이맥스,"[4.12, 20.05, 17.77]","[27.44, 9.84, 8.96]","[1.07, 1.69, 1.39]","[20, 230, 324]","[32, 230, 242]"
A208640,썸에이지,"[-76.84, -31.25, 41.95]","[-3.79, -22.32, 20.69]","[2.76, 7.66, 6.52]","[-133, -120, -21]","[-142, -77, 147]"
A050890,쏠리드,"[4.97, -9.87, 15.56]","[48.42, -50.9, 15.75]","[2.3, 5.25, 2.05]","[-35, -157, 61]","[54, -119, 237]"
A352700,씨앤투스성진,"[-3.68, 75.7, 39.4]","[0.0, 0.0, 4.79]",[1.33],[563],[463]
A376290,씨유테크,"[39.5, 18.64, 18.67]","[0.0, 0.0, 6.89]",[1.23],[199],[153]
A096530,씨젠,"[19.01, 125.91, 62.15]","[30.16, 10.09, 5.94]","[5.25, 7.81, 2.91]","[224, 6762, 6667]","[267, 5031, 5376]"
A123860,아나패스,"[-35.69, -132.58, 37.75]","[-13.38, -5.63, 24.02]","[5.38, 15.37, 6.38]","[-236, -224, 78]","[-222, -490, 127]"
A008700,아남전자,"[0.78, 9.11, 19.31]","[360.27, 49.44, 13.94]","[2.74, 4.44, 2.36]","[31, 70, 151]","[4, 53, 133]"
A136410,아셈스,"[25.14, 3.36, 16.98]","[0.0, 0.0, 0.0]",[],[],[]
A127710,아시아경제,"[3.55, 3.17, 18.93]","[13.46, 14.38, 3.48]","[0.49, 0.42, 0.63]","[33, 54, 43]","[41, 43, 254]"
A267850,아시아나IDT,"[-5.44, -6.04, 18.45]","[-29.36, -32.62, 7.62]","[1.67, 2.05, 1.29]","[114, 88, 73]","[-81, -82, 264]"
A339950,아이비김영,"[0.0, -2.51, 16.15]","[0.0, -128.68, 33.29]","[0.0, 2.48, 4.62]","[73, 41, 78]","[64, -8, 40]"
A095340,ISC,"[2.57, 3.68, 15.3]","[31.7, 60.62, 19.04]","[0.8, 2.17, 2.51]","[20, 181, 375]","[32, 55, 301]"
A069920,아이에스이커머스,"[0.0, -20.91, 53.11]","[-6.94, -10.81, 2.86]","[2.19, 2.43, 1.19]","[-47, 1, -78]","[-164, -97, 284]"
A114810,아이원스,"[0.0, -0.24, 23.66]","[-25.99, -655.87, 9.64]","[0.7, 1.63, 1.93]","[10, 95, 366]","[-33, -3, 279]"
A139990,아주스틸,"[9.46, 10.65, 18.76]","[0.0, 0.0, 13.33]",[2.08],[553],[325]
A027360,아주IB투자,"[10.07, 26.2, 17.0]","[9.07, 9.59, 12.16]","[0.87, 2.19, 1.85]","[217, 631, 520]","[163, 494, 393]"
A067160,아프리카TV,"[32.52, 27.56, 39.9]","[23.04, 19.0, 32.81]","[6.33, 4.49, 10.68]","[372, 504, 888]","[342, 363, 709]"
A053800,안랩,"[9.57, 8.8, 18.04]","[34.26, 41.1, 23.49]","[2.77, 3.06, 3.42]","[184, 200, 229]","[191, 185, 420]"
A297570,알로이스,"[-34.19, 19.11, 24.48]","[-9.78, 12.83, 18.45]","[2.52, 2.25, 4.05]","[42, 44, 70]","[-40, 35, 55]"
A361570,알비더블유,"[138.53, 26.97, 17.34]","[0.0, 0.0, 27.14]",[4.05],[96],[76]
A131370,알서포트,"[14.87, -2.08, 34.16]","[16.45, -556.88, 17.33]","[2.23, 11.48, 4.99]","[58, 185, 175]","[89, -12, 245]"
A123750,알톤스포츠,"[-55.55, 29.7, 19.7]","[-1.3, 9.25, 11.06]","[0.99, 2.35, 1.94]","[-106, 53, 49]","[-122, 56, 48]"
A310200,애니플러스,"[-33.34, -33.65, 64.68]","[0.0, -12.02, 7.42]","[0.0, 2.4, 3.23]","[-10, 130]","[-40, 213]"
A052790,액토즈소프트,"[19.76, 11.58, 21.57]","[6.82, 6.87, 5.06]","[1.16, 0.68, 0.93]","[257, 179, 254]","[208, 156, 374]"
A238120,얼라인드,"[0.56, 2.21, 22.87]","[417.48, 152.01, 11.12]","[2.32, 3.32, 2.28]","[-4, -3, 22]","[1, 5, 55]"
A011090,에넥스,"[-6.42, -17.89, 17.95]","[-18.56, -8.13, 15.71]","[1.15, 1.47, 2.34]","[-28, -85, -123]","[-38, -89, 100]"
A270660,에브리봇,"[36.41, -8.23, 25.5]","[4.55, -128.6, 23.41]","[1.4, 7.62, 4.2]","[16, 130, 101]","[15, -9, 95]"
A137310,에스디바이오센서,"[0.0, 139.97, 72.47]","[0.0, 0.0, 5.15]",[2.58],[13640],[10644]
A289080,SV인베스트먼트,"[19.34, -4.26, 15.54]","[13.62, -98.91, 26.92]","[1.91, 4.44, 3.94]","[80, -24, 110]","[80, -24, 89]"
A019550,SBI인베스트먼트,"[12.85, 13.67, 18.45]","[10.19, 14.97, 12.1]","[1.22, 1.9, 2.03]","[115, 139, 222]","[114, 139, 222]"
A034120,SBS,"[3.45, -11.52, 23.21]","[19.27, -6.81, 6.62]","[0.63, 0.81, 1.33]","[126, 745, 1844]","[209, -578, 1448]"
A036120,SCI평가정보,"[25.41, 26.34, 21.4]","[18.46, 25.36, 20.31]","[4.06, 6.02, 3.98]","[69, 83, 101]","[51, 64, 59]"
A031330,에스에이엠티,"[16.62, 17.6, 21.23]","[5.84, 5.58, 7.39]","[0.91, 0.93, 1.4]","[337, 341, 845]","[376, 434, 601]"
A041510,에스엠,"[-2.1, -16.02, 25.48]","[-98.5, -9.94, 13.09]","[2.03, 1.59, 2.82]","[404, 65, 675]","[-162, -803, 1332]"
A306040,에스제이그룹,"[33.03, 20.6, 24.74]","[11.29, 9.9, 9.18]","[2.86, 1.86, 2.02]","[164, 180, 291]","[131, 156, 232]"
A004060,SG세계물산,"[4.81, -5.16, 21.32]","[18.93, -11.83, 2.95]","[0.89, 0.62, 0.57]","[1, -208, -47]","[97, -104, 470]"
A016250,SGC이테크건설,"[6.68, 79.74, 39.96]","[11.73, 1.16, 2.3]","[0.74, 0.84, 0.74]","[129, -364, 691]","[315, 1807, 696]"
A302440,SK바이오사이언스,"[6.49, 13.25, 38.08]","[0.0, 0.0, 46.61]",[10.75],[4742],[3551]
A326030,SK바이오팜,"[-313.66, -135.18, 15.75]","[0.0, -49.1, 117.39]","[34.91, 17.14]","[-2395, 950]","[-2474, 648]"
A000660,SK하이닉스,"[4.23, 9.53, 16.84]","[34.15, 18.14, 9.93]","[1.34, 1.56, 1.45]","[27192, 50126, 124103]","[20091, 47589, 96162]"
A072990,에이치시티,"[12.94, 19.16, 16.39]","[11.33, 10.0, 11.04]","[1.39, 1.74, 1.65]","[72, 104, 111]","[61, 104, 105]"
A036640,HRS,"[1.36, 11.93, 23.05]","[44.52, 10.05, 5.68]","[0.6, 1.11, 1.16]","[16, 103, 179]","[10, 92, 208]"
A011200,HMM,"[-55.46, 8.92, 88.62]","[-1.91, 36.32, 1.96]","[1.04, 2.7, 1.27]","[-2997, 9808, 73775]","[-5898, 1240, 53372]"
A357230,에이치피오,"[0.0, 35.59, 16.38]","[0.0, 0.0, 15.62]",[1.91],[228],[191]
A021080,에이티넘인베스트,"[8.7, 17.04, 54.18]","[13.8, 8.52, 3.86]","[1.17, 1.35, 1.66]","[85, 172, 832]","[67, 146, 660]"
A265520,AP시스템,"[8.57, 19.78, 34.68]","[54.33, 15.22, 6.74]","[4.47, 2.73, 1.98]","[284, 463, 643]","[95, 250, 572]"
A089970,에이피티씨,"[0.0, 31.34, 45.6]","[12.37, 19.84, 11.26]","[2.7, 4.84, 4.18]","[161, 296, 540]","[142, 234, 465]"
A230240,에치에프알,"[1.29, -35.73, 22.3]","[339.19, -13.71, 23.05]","[4.32, 5.48, 4.63]","[22, -259, 218]","[4, -290, 186]"
A230360,에코마케팅,"[32.65, 42.16, 18.39]","[16.52, 18.35, 19.66]","[4.89, 6.74, 3.42]","[378, 589, 401]","[334, 548, 271]"
A086520,에코프로,"[9.33, 8.18, 32.7]","[24.13, 47.07, 10.37]","[1.87, 3.51, 2.49]","[478, 636, 865]","[374, 551, 2789]"
A247540,에코프로비엠,"[12.99, 0.0, 20.26]","[30.37, 75.69, 107.73]","[2.93, 8.03, 20.73]","[371, 548, 1150]","[345, 467, 978]"
A036810,에프에스티,"[17.52, 15.31, 19.16]","[8.58, 28.86, 16.91]","[1.25, 3.7, 2.44]","[189, 248, 226]","[183, 187, 282]"
A950130,엑세스바이오,"[-56.79, 89.16, 102.45]","[-3.43, 15.75, 3.06]","[2.82, 9.56, 2.03]","[-80, 687, 2601]","[-207, 478, 1901]"
A092870,엑시콘,"[-6.82, 14.07, 29.52]","[-13.1, 14.33, 4.76]","[0.91, 1.78, 1.2]","[-52, 83, 63]","[-53, 122, 340]"
A217820,엔에스,"[14.5, 10.41, 16.85]","[11.5, 27.92, 14.2]","[1.54, 2.81, 2.12]","[56, 68, 24]","[43, 38, 80]"
A060250,NHN한국사이버결제,"[20.2, 21.35, 19.22]","[20.83, 56.04, 40.06]","[3.89, 10.62, 7.22]","[321, 398, 432]","[245, 299, 303]"
A096870,엘디티,"[-13.22, 12.78, 18.06]","[-13.44, 16.17, 15.03]","[1.9, 1.94, 2.49]","[-13, 16, 19]","[-14, 13, 22]"
A061970,엘비세미콘,"[24.47, 16.71, 16.16]","[10.48, 23.87, 17.97]","[2.28, 3.71, 2.56]","[504, 428, 442]","[365, 316, 383]"
A290650,엘앤씨바이오,"[13.11, 18.64, 19.34]","[25.79, 70.17, 59.2]","[3.24, 13.06, 9.77]","[90, 73, 132]","[85, 121, 156]"
A108320,LX세미콘,"[8.39, 14.44, 44.49]","[16.8, 13.05, 9.18]","[1.37, 1.78, 3.4]","[473, 942, 3696]","[385, 725, 2964]"
A058630,엠게임,"[21.89, 15.71, 35.74]","[8.47, 15.31, 11.12]","[1.68, 2.18, 3.24]","[72, 106, 184]","[77, 69, 215]"
A058970,엠로,"[8.53, 0.0, 19.49]","[16.26, 17.1, 40.57]","[1.52, 4.12, 5.31]","[9, 65, 67]","[10, 38, 54]"
A179290,엠아이텍,"[7.88, 12.89, 20.39]","[34.88, 21.1, 13.8]","[2.65, 2.58, 2.6]","[34, 65, 132]","[37, 67, 122]"
A347890,엠투아이,"[16.2, 20.58, 16.0]","[0.0, 13.88, 15.34]","[2.47, 2.34]","[108, 115]","[100, 100]"
A065150,엠피대산,"[4.21, -68.72, 38.58]","[131.29, -5.66, 7.48]","[4.95, 5.02, 2.41]","[-25, -74, -9]","[-28, -226, 104]"
A143540,영우디에스피,"[-10.87, 22.49, 15.7]","[-42.8, 10.39, 11.26]","[3.93, 1.98, 1.6]","[136, 79, 85]","[-16, 77, 88]"
A241790,오션브릿지,"[17.69, 20.23, 16.69]","[9.56, 12.73, 12.46]","[1.58, 2.35, 1.93]","[128, 154, 160]","[114, 155, 146]"
A353590,오토앤,"[0.0, 146.73, 16.75]","[0.0, 0.0, 0.0]",[],[],[]
A309930,오하임아이엔티,"[0.0, 1.17, 15.7]","[0.0, 316.31, 26.05]","[0.0, 2.68, 3.81]","[22, 40, 37]","[17, 2, 37]"
A232140,와이아이케이,"[-12.14, 12.0, 18.55]","[-16.78, 24.24, 11.28]","[2.16, 2.45, 1.8]","[-118, 248, 546]","[-121, 205, 509]"
A273640,와이엠텍,"[7.26, 16.3, 17.3]","[0.0, 0.0, 28.88]",[8.34],[70],[64]
A037270,YG PLUS,"[-3.48, -6.94, 19.57]","[-24.69, -47.73, 22.97]","[0.88, 3.4, 3.76]","[45, 61, 256]","[-42, -75, 226]"
A040300,YTN,"[-1.75, 4.18, 23.89]","[-26.45, 16.16, 2.4]","[0.47, 0.66, 0.51]","[5, 27, 34]","[-33, 80, 519]"
A041190,우리기술투자,"[15.11, 30.42, 147.4]","[19.88, 14.3, 1.24]","[2.54, 3.37, 0.98]","[133, 366, 7926]","[106, 286, 6194]"
A082850,우리바이오,"[5.0, 16.47, 24.92]","[10.77, 16.4, 6.11]","[0.52, 2.42, 1.32]","[265, 390, 428]","[61, 170, 440]"
A153490,우리이앤엘,"[8.26, -2.52, 27.35]","[11.09, -50.76, 4.78]","[0.86, 1.26, 1.2]","[36, 34, 135]","[48, -15, 179]"
A037400,우리조명,"[1.69, 7.75, 23.52]","[25.67, 9.05, 3.34]","[0.4, 0.61, 0.65]","[271, 403, 442]","[54, 173, 545]"
A049800,우진플라임,"[-22.8, 13.7, 31.51]","[-2.54, 7.8, 4.06]","[0.66, 1.0, 1.11]","[-83, 94, 166]","[-136, 78, 225]"
A016880,웅진,"[-112.11, -47.3, 49.76]","[-0.68, -3.68, 5.93]","[1.82, 2.71, 2.24]","[752, 207, 430]","[-2375, -257, 342]"
A240810,원익IPS,"[9.16, 15.91, 19.82]","[40.5, 22.2, 14.31]","[3.05, 3.22, 2.55]","[411, 1406, 1641]","[429, 978, 1451]"
A074600,원익QnC,"[1.23, 11.44, 21.52]","[157.36, 21.64, 12.8]","[1.93, 2.34, 2.44]","[274, 412, 868]","[36, 155, 625]"
A131390,원익피앤이,"[21.81, 20.17, 17.19]","[9.9, 17.0, 21.14]","[1.97, 3.02, 3.37]","[178, 206, 150]","[159, 187, 195]"
A376980,원티드랩,"[0.0, 36.8, 171.21]","[0.0, 0.0, 97.82]",[10.63],[61],[30]
A101160,월덱스,"[24.22, 21.96, 26.48]","[7.02, 13.32, 14.14]","[1.52, 2.67, 3.29]","[234, 358, 403]","[194, 218, 334]"
A095270,웨이브일렉트로,"[-152.52, -196.84, 128.95]","[-6.01, -2.95, 1.34]","[23.25, 5.53, 1.02]","[-245, -44, 10]","[-394, -253, 580]"
A069080,웹젠,"[12.74, 21.83, 18.51]","[13.51, 14.17, 11.75]","[1.43, 2.44, 1.72]","[518, 1083, 1030]","[422, 863, 869]"
A053580,웹케시,"[23.77, 28.66, 17.87]","[30.98, 27.87, 24.43]","[5.29, 7.12, 3.65]","[93, 143, 187]","[93, 174, 149]"
<<<<<<< HEAD
A112040,위메이드,"[-4.03, -2.81, 69.74]","[-49.79, -93.13, 19.3]","[2.08, 2.49, 9.42]","[-93, -125, 974]","[-287, -180, 3081]"
=======
A112040,위메이드,"[-4.03, -2.81, 69.74]","[-49.79, -93.13, 19.3]","[2.08, 2.49, 9.43]","[-93, -125, 974]","[-287, -180, 3081]"
>>>>>>> 92259ae0bf36b047b95c344b68dab7f4eb7924f4
A065370,위세아이텍,"[27.29, 18.82, 16.0]","[18.54, 22.43, 34.48]","[4.47, 3.06, 5.08]","[29, 37, 58]","[27, 34, 40]"
A014830,유니드,"[9.87, 10.29, 20.51]","[6.15, 5.58, 4.89]","[0.58, 0.54, 0.88]","[848, 962, 1683]","[675, 768, 1824]"
A036200,유니셈,"[18.57, 15.25, 23.11]","[7.56, 12.49, 11.73]","[1.24, 1.71, 2.35]","[240, 322, 437]","[213, 205, 382]"
A077500,유니퀘스트,"[12.68, 10.8, 23.53]","[7.14, 16.75, 5.29]","[0.83, 1.71, 1.07]","[69, 90, 245]","[224, 205, 604]"
A264450,유비쿼스,"[13.24, 16.92, 25.09]","[13.07, 15.78, 8.09]","[1.65, 2.49, 1.83]","[122, 190, 319]","[111, 161, 288]"
A069330,유아이디,"[0.0, -67.02, 36.13]","[-1.63, -1.53, 7.24]","[1.29, 1.35, 2.11]","[-54, -28, 60]","[-138, -87, 51]"
A072130,유엔젤,"[-12.8, -1.67, 33.1]","[-13.71, -88.44, 4.74]","[1.64, 1.28, 1.21]","[-23, 12, 31]","[-51, -12, 146]"
A388720,유일로보틱스,"[0.0, 33.25, 26.02]","[0.0, 0.0, 0.0]",[],[],[]
A084370,유진테크,"[2.45, 1.47, 22.86]","[65.56, 219.26, 19.62]","[1.55, 3.18, 3.95]","[238, 223, 739]","[108, 99, 632]"
A191410,육일씨엔에쓰,"[-19.27, -81.21, 16.69]","[-3.52, -1.63, 14.77]","[0.75, 2.18, 2.25]","[-92, -172, -113]","[-78, -215, 30]"
A025820,이구산업,"[-3.26, 1.86, 18.72]","[-17.72, 34.92, 5.77]","[0.59, 0.65, 0.99]","[6, 59, 356]","[-34, 19, 211]"
A088390,이녹스,"[-9.23, 7.54, 32.18]","[-5.01, 11.82, 5.81]","[0.46, 0.81, 1.53]","[-51, 106, 242]","[-189, 124, 545]"
A272290,이녹스첨단소재,"[21.1, 13.17, 31.38]","[14.73, 17.67, 11.28]","[2.78, 2.16, 2.94]","[465, 438, 967]","[345, 252, 802]"
A264850,이랜시스,"[5.78, 12.79, 18.99]","[48.82, 18.28, 16.03]","[2.12, 2.12, 2.69]","[41, 43, 69]","[11, 34, 62]"
A054210,이랜텍,"[7.92, -10.3, 18.76]","[9.71, -12.9, 9.66]","[0.74, 1.45, 1.65]","[363, 150, 342]","[121, -160, 339]"
A139480,이마트,"[2.76, 4.05, 16.25]","[15.2, 11.67, 2.68]","[0.39, 0.45, 0.41]","[1507, 2372, 3168]","[2238, 3626, 15891]"
A078020,이베스트투자증권,"[11.23, 20.09, 19.27]","[5.5, 3.54, 3.67]","[0.55, 0.57, 0.6]","[705, 1535, 2258]","[515, 1260, 1608]"
A005950,이수화학,"[-3.26, -29.51, 35.21]","[-16.8, -3.24, 4.18]","[0.55, 1.24, 1.39]","[66, -368, 821]","[-220, -1431, 965]"
A066980,이엔코퍼레이션,"[0.84, -50.7, 27.26]","[129.62, -2.87, 8.21]","[1.08, 2.16, 1.88]","[15, 3, 40]","[40, -472, 192]"
A123570,이엠넷,"[13.02, 11.68, 34.08]","[10.96, 13.1, 5.88]","[1.35, 1.45, 1.67]","[77, 39, 99]","[81, 79, 263]"
A091120,이엠텍,"[0.21, 0.51, 16.48]","[348.25, 210.54, 14.73]","[0.74, 0.98, 2.09]","[-56, 21, 371]","[-4, 6, 341]"
A039030,이오테크닉스,"[3.17, 5.38, 16.29]","[105.13, 67.51, 20.48]","[3.27, 3.54, 3.05]","[71, 385, 781]","[118, 216, 723]"
A092130,이크레더블,"[26.81, 23.4, 22.98]","[16.37, 21.69, 17.04]","[4.16, 4.89, 3.75]","[167, 169, 182]","[137, 131, 139]"
A000760,이화산업,"[-4.35, -2.65, 38.34]","[-9.6, -16.78, 0.92]","[0.43, 0.45, 0.3]","[-17, -35, -50]","[-48, -37, 592]"
A041830,인바디,"[15.47, 12.09, 20.39]","[15.84, 13.55, 9.31]","[2.25, 1.51, 1.64]","[276, 191, 359]","[204, 176, 340]"
A101140,인바이오젠,"[29.38, -62.65, 73.56]","[7.52, -4.93, 2.15]","[1.75, 3.4, 1.37]","[-22, -53, -79]","[131, -451, 941]"
A079950,인베니아,"[2.57, -11.09, 26.12]","[51.13, -12.72, 5.04]","[1.26, 1.41, 1.1]","[41, 48, 93]","[12, -48, 124]"
A277410,인산가,"[11.45, 14.38, 15.0]","[15.91, 11.1, 10.17]","[1.66, 1.5, 1.36]","[40, 57, 82]","[32, 48, 64]"
A211050,인카금융서비스,"[0.0, 58.03, 49.26]","[7.79, 4.22, 5.76]","[1.92, 1.9, 2.28]","[28, 147, 211]","[34, 113, 164]"
A216050,인크로스,"[14.48, 17.55, 25.21]","[21.74, 35.35, 20.19]","[2.81, 5.24, 4.11]","[122, 148, 214]","[93, 123, 211]"
A049070,인탑스,"[8.5, 8.95, 15.0]","[6.22, 12.84, 7.38]","[0.51, 1.1, 0.99]","[707, 650, 876]","[604, 547, 808]"
A064290,인텍플러스,"[28.49, 35.22, 55.58]","[11.3, 21.41, 18.16]","[2.74, 6.26, 7.81]","[47, 70, 275]","[54, 92, 226]"
A071200,인피니트헬스케어,"[8.95, 7.6, 22.13]","[19.42, 25.12, 7.72]","[1.66, 1.84, 1.54]","[71, 73, 74]","[73, 67, 226]"
A950140,잉글우드랩,"[3.85, 5.06, 21.18]","[38.71, 32.17, 11.39]","[1.44, 1.63, 2.11]","[67, 79, 170]","[23, 31, 150]"
A040420,정상제이엘에스,"[12.2, 10.48, 20.03]","[15.47, 14.72, 8.36]","[1.77, 1.47, 1.51]","[134, 88, 170]","[77, 67, 136]"
A122310,제노레이,"[25.32, 16.13, 19.71]","[7.68, 13.95, 10.06]","[1.82, 2.09, 1.79]","[147, 111, 150]","[132, 102, 143]"
A361390,제노코,"[-11.57, 22.71, 29.66]","[0.0, 0.0, 35.11]",[7.02],[43],[58]
A225220,제놀루션,"[-5.02, 100.25, 47.94]","[-88.9, 3.49, 4.39]","[9.48, 2.14, 1.74]","[1, 540, 413]","[-3, 320, 344]"
A287410,제이시스메디칼,"[0.0, 190.55, 42.44]","[0.0, 0.0, 40.48]","[0.0, 0.0, 11.74]","[27, 114, 236]","[11, 75, 135]"
A137950,제이씨케미칼,"[13.79, 8.03, 28.18]","[11.11, 18.97, 6.23]","[1.4, 1.45, 1.53]","[130, 192, 398]","[117, 74, 334]"
A194370,제이에스코퍼레이션,"[5.26, 1.54, 27.4]","[20.39, 42.45, 5.91]","[1.01, 0.62, 1.34]","[111, 79, 610]","[82, 23, 483]"
A026040,제이에스티나,"[-57.29, -36.2, 44.21]","[-2.01, -2.5, 3.21]","[1.42, 1.07, 1.11]","[-280, -137, 14]","[-334, -138, 176]"
A094970,제이엠티,"[1.74, 9.39, 22.81]","[67.05, 9.15, 4.67]","[1.16, 0.84, 0.94]","[20, 115, 163]","[10, 53, 152]"
A035900,JYP Ent.,"[21.91, 17.29, 31.43]","[27.36, 46.15, 26.68]","[5.03, 6.96, 6.8]","[435, 441, 579]","[312, 296, 675]"
A089790,제이티,"[0.0, 17.73, 35.65]","[14.61, 25.67, 7.86]","[2.03, 4.06, 2.31]","[62, 53, 112]","[38, 52, 139]"
A030000,제일기획,"[15.09, 16.11, 15.58]","[20.04, 15.06, 15.88]","[2.57, 2.07, 2.07]","[2058, 2049, 2482]","[1395, 1583, 1676]"
A216080,제테마,"[-101.92, -24.71, 22.65]","[-9.59, -42.4, 33.21]","[5.03, 9.68, 6.66]","[-107, -56, 23]","[-147, -93, 109]"
A064800,젬백스링크,"[2.76, 6.89, 20.42]","[29.47, 11.13, 4.03]","[0.83, 0.74, 0.75]","[59, 37, 17]","[34, 97, 345]"
A036930,주성엔지니어링,"[12.28, -3.52, 48.74]","[14.43, -48.2, 6.96]","[1.64, 1.74, 2.74]","[291, -250, 1026]","[271, -82, 1455]"
A366030,공구우먼,"[19.87, 22.8, 36.23]","[0.0, 0.0, 0.0]",[],[],[]
A023450,동남합성,"[26.23, 16.1, 24.61]","[5.05, 17.91, 19.58]","[1.21, 3.61, 4.93]","[98, 135, 149]","[178, 99, 117]"
A239340,줌인터넷,"[0.0, 4.49, 17.52]","[-9.6, 132.69, 26.22]","[4.68, 5.9, 4.2]","[9, 14, 67]","[-118, 8, 39]"
A263860,지니언스,"[9.43, 9.96, 16.23]","[15.59, 18.18, 19.43]","[1.35, 1.61, 2.64]","[23, 26, 59]","[31, 34, 62]"
A382800,지앤비에스엔지니어링,"[22.01, 24.29, 26.88]","[0.0, 0.0, 11.6]",[2.56],[106],[103]
A007070,GS리테일,"[6.22, 7.5, 25.58]","[22.7, 15.75, 3.39]","[1.38, 1.15, 0.76]","[2388, 2526, 2085]","[1436, 1545, 8013]"
A311320,지오엘리먼트,"[7.51, 12.2, 16.84]","[0.0, 0.0, 33.85]",[5.5],[61],[53]
A007370,진양제약,"[3.84, 11.38, 16.79]","[32.06, 16.07, 8.86]","[1.13, 1.62, 1.2]","[-2, 43, 70]","[16, 52, 95]"
A002785,진흥기업우B,"[23.08, 18.86, 36.86]","[16.65, 18.65, 5.98]","[3.48, 3.2, 1.87]","[280, 147, 433]","[203, 204, 534]"
A002787,진흥기업2우B,"[23.08, 18.86, 36.86]","[16.65, 18.65, 5.98]","[3.48, 3.2, 1.87]","[280, 147, 433]","[203, 204, 534]"
A002780,진흥기업,"[23.08, 18.86, 36.86]","[16.65, 18.65, 5.98]","[3.48, 3.2, 1.87]","[280, 147, 433]","[203, 204, 534]"
A278280,천보,"[14.49, 12.57, 17.19]","[26.29, 66.7, 79.64]","[2.92, 7.99, 12.15]","[272, 301, 506]","[231, 274, 480]"
A052300,초록뱀컴퍼니,"[-20.04, 15.25, 32.5]","[-3.61, 5.2, 1.65]","[0.9, 0.79, 0.5]","[-38, -6, -15]","[-177, 159, 656]"
A094360,칩스앤미디어,"[14.91, 5.96, 17.76]","[15.62, 60.99, 36.45]","[2.2, 3.61, 6.02]","[36, 24, 52]","[45, 19, 63]"
A293490,카카오게임즈,"[2.64, 12.12, 34.06]","[0.0, 33.35, 12.89]","[3.39, 3.35]","[665, 1119]","[675, 5202]"
A035720,카카오,"[-5.81, 2.7, 17.1]","[-42.82, 219.25, 35.92]","[2.41, 5.32, 4.89]","[2068, 4559, 5949]","[-3419, 1734, 16462]"
A307930,컴퍼니케이,"[22.88, 17.98, 28.43]","[12.86, 10.72, 6.58]","[2.37, 1.81, 1.67]","[108, 128, 212]","[85, 99, 189]"
A119650,KC코트렐,"[2.52, -148.07, 38.07]","[46.21, -2.19, 8.33]","[1.18, 12.45, 2.21]","[85, -447, 46]","[7, -639, 120]"
A044450,KSS해운,"[8.79, 4.78, 18.34]","[7.66, 18.28, 4.9]","[0.62, 0.86, 0.78]","[528, 507, 581]","[234, 131, 561]"
A060720,KH바텍,"[-6.36, -7.58, 16.95]","[-42.34, -35.02, 18.92]","[2.75, 2.62, 2.78]","[70, 35, 269]","[-116, -138, 331]"
A272110,케이엔제이,"[26.22, -20.41, 16.83]","[13.82, -17.91, 22.24]","[2.77, 4.09, 3.11]","[38, 26, 44]","[44, -50, 55]"
A122450,KMH,"[7.13, 13.44, 15.62]","[8.05, 12.64, 9.38]","[0.56, 1.55, 1.44]","[449, 603, 741]","[246, 381, 641]"
A102370,케이옥션,"[10.62, -8.27, 22.02]","[0.0, 0.0, 0.0]",[],[],[]
A151860,KG ETS,"[49.53, 0.0, 16.32]","[1.22, 9.08, 11.01]","[0.48, 0.87, 1.56]","[159, 191, 3256]","[978, 267, 1926]"
A381970,케이카,"[10.71, 15.11, 20.95]","[0.0, 0.0, 33.95]",[5.95],[711],[468]
A298870,케이티비네트워크,"[13.01, 26.65, 28.01]","[0.0, 0.0, 6.44]",[1.65],[840],[648]
A030210,KTB투자증권,"[9.18, 13.04, 26.35]","[3.3, 2.89, 2.11]","[0.29, 0.34, 0.47]","[375, 665, 1482]","[502, 760, 1761]"
A064820,케이프,"[4.49, 5.59, 15.35]","[8.34, 16.34, 5.06]","[0.37, 0.91, 0.72]","[166, 254, 474]","[82, 119, 358]"
A054410,케이피티유,"[-2.35, -10.11, 18.15]","[-30.41, -9.64, 5.28]","[0.71, 1.04, 0.85]","[6, 8, 12]","[-8, -31, 61]"
A089010,켐트로닉스,"[18.5, 16.24, 22.5]","[15.55, 23.75, 15.01]","[2.65, 3.52, 2.97]","[263, 221, 385]","[166, 180, 285]"
A052400,코나아이,"[-10.56, 21.31, 45.5]","[-24.7, 21.87, 9.58]","[2.64, 4.11, 3.44]","[-26, 190, 482]","[-97, 190, 525]"
A046070,코다코,"[-55.81, -75.32, 33.25]","[-3.74, -2.89, 8.82]","[2.81, 2.88, 2.45]","[-108, -16, 55]","[-234, -182, 63]"
A190650,코리아에셋투자증권,"[11.68, 10.9, 15.39]","[0.0, 4.5, 5.28]","[0.5, 0.76]","[94, 163]","[65, 116]"
A183300,코미코,"[21.04, 17.01, 24.09]","[11.09, 18.64, 14.26]","[2.12, 2.93, 3.02]","[345, 356, 588]","[228, 243, 472]"
A089890,코세스,"[25.95, 22.76, 27.84]","[23.56, 23.24, 22.8]","[5.25, 4.72, 4.95]","[77, 95, 138]","[62, 63, 111]"
A192820,코스맥스,"[10.45, 6.23, 16.46]","[25.27, 46.85, 12.7]","[2.34, 2.92, 1.77]","[540, 666, 1226]","[183, -291, 343]"
A029960,코엔텍,"[16.0, 16.79, 19.32]","[20.58, 18.46, 14.54]","[3.24, 3.1, 2.76]","[284, 310, 366]","[241, 255, 296]"
A002025,코오롱우,"[-4.09, 22.75, 17.35]","[-9.05, 2.0, 3.26]","[0.41, 0.41, 0.52]","[1344, 2714, 3322]","[-222, 1666, 1704]"
A003075,코오롱글로벌우,"[8.04, 17.83, 25.89]","[6.87, 5.96, 4.16]","[0.54, 1.04, 0.96]","[1256, 1763, 2415]","[336, 805, 1370]"
A003070,코오롱글로벌,"[8.04, 17.83, 25.89]","[6.87, 5.96, 4.16]","[0.54, 1.04, 0.96]","[1256, 1763, 2415]","[336, 805, 1370]"
A002020,코오롱,"[-4.09, 22.75, 17.35]","[-9.05, 2.0, 3.26]","[0.41, 0.41, 0.52]","[1344, 2714, 3322]","[-222, 1666, 1704]"
A021240,코웨이,"[30.74, 31.51, 27.41]","[20.64, 13.25, 11.79]","[6.24, 3.54, 2.83]","[4583, 6064, 6402]","[3322, 4047, 4655]"
A033290,코웰패션,"[22.72, 24.73, 16.46]","[9.93, 7.05, 11.76]","[2.03, 1.44, 1.65]","[761, 814, 924]","[544, 714, 652]"
A322780,코퍼스코리아,"[11.37, 6.18, 18.61]","[0.0, 38.39, 12.99]","[0.0, 1.99, 2.1]","[37, 54, 103]","[28, 21, 81]"
A200130,콜마비앤에이치,"[23.84, 27.88, 19.67]","[15.05, 19.05, 13.13]","[3.25, 4.72, 2.38]","[741, 1092, 916]","[548, 801, 684]"
A192400,쿠쿠홀딩스,"[12.38, 14.88, 17.58]","[9.4, 6.66, 4.7]","[0.97, 0.82, 0.67]","[745, 1023, 1070]","[794, 1067, 1448]"
A284740,쿠쿠홈시스,"[16.1, 15.94, 26.53]","[14.95, 11.77, 5.78]","[2.23, 1.75, 1.36]","[1206, 1358, 1786]","[799, 866, 1692]"
A259960,크래프톤,"[99.21, 61.86, 17.86]","[0.0, 0.0, 40.2]",[4.67],[6396],[5199]
A096240,크레버스,"[12.06, 9.22, 19.41]","[18.08, 22.78, 15.57]","[1.93, 1.87, 2.99]","[226, 169, 312]","[112, 86, 185]"
A110790,크리스에프앤씨,"[11.77, 16.91, 24.99]","[8.94, 7.86, 7.55]","[0.99, 1.17, 1.58]","[377, 498, 871]","[248, 386, 681]"
A214150,클래시스,"[48.06, 36.06, 30.47]","[26.49, 26.11, 27.77]","[10.36, 8.05, 7.43]","[417, 406, 517]","[334, 382, 438]"
A352770,클리노믹스,"[-120.54, -58.47, 32.18]","[0.0, -15.02, 10.93]","[5.65, 2.91]","[-123, 229]","[-131, 159]"
A039490,키움증권,"[16.97, 27.63, 25.38]","[5.56, 4.57, 3.26]","[0.89, 1.11, 0.72]","[4737, 9690, 12089]","[3620, 7062, 9102]"
A124560,태웅로직스,"[30.61, 15.65, 70.54]","[8.11, 11.79, 2.7]","[2.09, 1.64, 1.36]","[150, 147, 793]","[96, 79, 639]"
A095610,테스,"[4.56, 13.3, 27.84]","[50.68, 19.53, 7.95]","[2.23, 2.37, 1.87]","[117, 317, 622]","[97, 300, 740]"
A131970,테스나,"[17.5, 19.23, 19.4]","[16.57, 25.0, 18.09]","[2.49, 4.27, 3.23]","[242, 306, 541]","[214, 372, 472]"
A055490,테이팩스,"[7.87, 12.86, 15.39]","[13.6, 12.86, 20.31]","[1.03, 1.55, 2.92]","[83, 138, 213]","[76, 138, 189]"
A045340,토탈소프트,"[25.64, 18.03, 20.32]","[10.54, 29.12, 30.09]","[2.42, 4.82, 5.59]","[24, 26, 30]","[26, 22, 30]"
A064760,티씨케이,"[23.15, 24.65, 26.85]","[16.43, 24.17, 21.17]","[3.49, 5.41, 5.11]","[592, 803, 1034]","[468, 605, 819]"
A340570,티앤엘,"[24.1, 19.09, 24.17]","[0.0, 14.22, 19.63]","[2.42, 4.27]","[96, 223]","[100, 196]"
A131290,티에스이,"[10.33, 15.12, 20.55]","[9.44, 25.52, 18.23]","[0.86, 3.41, 3.27]","[207, 427, 546]","[160, 294, 432]"
A246690,TS인베스트먼트,"[0.0, 20.55, 18.85]","[12.72, 10.76, 10.33]","[1.78, 2.01, 1.68]","[56, 101, 138]","[44, 78, 101]"
A019180,티에이치엔,"[33.47, -24.87, 22.29]","[3.82, -2.85, 4.58]","[1.04, 0.69, 0.91]","[215, 89, 198]","[171, -172, 168]"
A356860,티엘비,"[40.8, 0.0, 16.09]","[0.0, 18.04, 16.12]","[3.63, 2.4]","[152, 134]","[118, 124]"
A104480,티케이케미칼,"[0.0, -0.5, 75.04]","[21.21, -170.34, 1.47]","[0.7, 0.82, 0.77]","[96, -208, 665]","[95, -14, 3508]"
A046210,파나진,"[19.2, 21.72, 18.09]","[21.49, 28.14, 24.55]","[3.73, 5.52, 4.09]","[-6, 51, 42]","[35, 49, 50]"
A214450,파마리서치,"[8.2, 14.42, 16.95]","[21.69, 17.4, 17.72]","[1.71, 2.3, 2.68]","[191, 334, 525]","[149, 325, 468]"
A005690,파미셀,"[8.78, 9.65, 15.54]","[117.1, 197.89, 82.25]","[9.88, 18.16, 11.97]","[20, 72, 76]","[43, 52, 95]"
A037070,파세코,"[11.86, 17.46, 20.31]","[14.45, 13.66, 16.39]","[1.65, 2.23, 3.08]","[108, 169, 229]","[86, 142, 191]"
A150900,파수,"[-24.65, -3.7, 18.44]","[-7.73, -122.29, 35.19]","[2.16, 4.36, 5.86]","[-36, -12, 42]","[-45, -8, 41]"
A170790,파이오링크,"[15.59, 23.54, 19.6]","[9.99, 8.77, 10.84]","[1.37, 1.75, 1.9]","[42, 65, 109]","[56, 107, 112]"
A106240,파인테크닉스,"[0.59, 9.22, 53.0]","[526.12, 34.98, 11.95]","[3.11, 3.13, 4.67]","[81, 101, 359]","[-22, 63, 535]"
A091700,파트론,"[18.71, 6.2, 17.93]","[11.72, 27.74, 9.97]","[1.92, 1.63, 1.63]","[1052, 419, 787]","[642, 206, 783]"
A004720,팜젠사이언스,"[0.53, 13.21, 30.85]","[244.35, 16.79, 4.77]","[1.32, 1.98, 1.26]","[12, -7, -50]","[2, 91, 324]"
A028670,팬오션,"[5.49, 3.25, 17.16]","[16.0, 29.0, 5.26]","[0.84, 0.96, 0.8]","[2100, 2252, 5729]","[1477, 907, 5493]"
A001020,페이퍼코리아,"[-136.14, 1.18, 25.18]","[-1.94, 350.82, 6.7]","[4.33, 3.29, 1.44]","[-13, 346, 315]","[-278, 2, 92]"
A058430,포스코강판,"[1.23, 2.88, 37.59]","[38.3, 16.47, 3.22]","[0.47, 0.47, 1.03]","[100, 169, 1433]","[26, 71, 987]"
A103140,풍산,"[1.28, 5.09, 15.56]","[37.86, 10.89, 3.59]","[0.48, 0.54, 0.52]","[411, 1212, 3141]","[176, 719, 2434]"
A005810,풍산홀딩스,"[3.39, 1.92, 21.53]","[11.09, 16.28, 1.71]","[0.33, 0.28, 0.31]","[108, 94, 968]","[242, 131, 1738]"
A370090,퓨런티어,"[-30.24, -36.14, 29.55]","[0.0, 0.0, 0.0]",[],[],[]
A377220,프롬바이오,"[64.33, -43.11, 20.88]","[0.0, 0.0, 12.06]",[1.83],[114],[113]
A367000,플래티어,"[0.0, 39.6, 16.07]","[0.0, 0.0, 37.7]",[4.18],[41],[42]
A051380,피씨디렉트,"[10.89, 15.7, 27.48]","[22.52, 14.25, 12.62]","[2.28, 2.09, 3.08]","[57, 69, 188]","[38, 61, 130]"
A178920,PI첨단소재,"[6.95, 15.62, 21.03]","[58.01, 26.04, 25.28]","[4.09, 3.84, 4.97]","[336, 600, 759]","[177, 417, 640]"
A319660,피에스케이,"[0.0, 11.0, 30.3]","[17.54, 26.9, 10.16]","[1.78, 2.73, 2.67]","[169, 316, 941]","[150, 223, 767]"
A031980,피에스케이홀딩스,"[6.54, 38.01, 20.76]","[6.23, 2.82, 8.28]","[0.4, 0.82, 1.47]","[73, -25, 226]","[126, 592, 466]"
A239890,피엔에이치테크,"[223.76, 117.77, 28.51]","[-5.16, -15.71, 71.82]","[-2.49, 17.23, 13.78]","[-5, -13, 37]","[-76, -57, 36]"
A137400,피엔티,"[-2.6, 33.56, 33.48]","[-63.76, 14.56, 18.6]","[1.66, 4.04, 5.23]","[15, 553, 544]","[-30, 344, 527]"
A128660,피제이메탈,"[5.19, 11.42, 36.24]","[31.94, 11.94, 7.19]","[1.66, 1.33, 2.25]","[44, 64, 252]","[21, 47, 184]"
A166090,하나머티리얼즈,"[20.86, 22.82, 29.96]","[13.45, 14.75, 18.54]","[2.53, 2.95, 4.77]","[409, 531, 823]","[277, 380, 667]"
A003380,하림지주,"[3.24, 3.18, 16.39]","[14.43, 15.27, 2.8]","[0.37, 0.4, 0.34]","[3065, 3540, 7446]","[946, 1736, 5881]"
A126700,하이비젼시스템,"[6.98, 8.2, 27.72]","[22.31, 21.11, 8.22]","[1.41, 1.54, 1.83]","[36, 128, 435]","[65, 98, 453]"
A373200,하인크코리아,"[0.0, 36.57]","[0.0, 0.0]","[0.0, 0.0]","[23, 28]","[17, 23]"
A004590,한국가구,"[5.97, 8.39, 17.79]","[10.33, 7.25, 4.42]","[0.6, 0.57, 0.75]","[87, 105, 149]","[61, 93, 219]"
A039340,한국경제TV,"[13.01, 14.63, 17.3]","[7.22, 6.87, 6.7]","[0.86, 0.91, 1.02]","[137, 182, 265]","[150, 190, 254]"
A034950,한국기업평가,"[20.96, 19.89, 22.97]","[13.05, 23.32, 15.66]","[2.44, 4.88, 3.42]","[316, 327, 362]","[248, 242, 267]"
A002960,한국쉘석유,"[21.3, 21.44, 27.97]","[19.97, 15.99, 11.52]","[4.29, 3.43, 3.06]","[257, 310, 380]","[210, 210, 290]"
A006200,한국전자홀딩스,"[-11.06, -5.36, 20.34]","[-2.75, -7.84, 4.39]","[0.3, 0.4, 0.75]","[-121, -2, 385]","[-238, -348, 292]"
A071055,한국금융지주우,"[18.14, 16.27, 27.12]","[5.28, 5.63, 2.82]","[0.84, 0.82, 0.64]","[9418, 8564, 15210]","[8472, 8600, 17646]"
A071050,한국금융지주,"[18.14, 16.27, 27.12]","[5.28, 5.63, 2.82]","[0.84, 0.82, 0.64]","[9418, 8564, 15210]","[8472, 8600, 17646]"
A007280,한국특강,"[-25.92, 4.18, 30.23]","[-2.45, 20.47, 4.94]","[0.74, 1.02, 1.28]","[-74, 73, 400]","[-215, 36, 368]"
A014790,한라,"[0.97, 34.98, 25.1]","[58.86, 2.19, 2.67]","[0.55, 0.64, 0.6]","[677, 898, 786]","[27, 1099, 999]"
A042700,한미반도체,"[8.85, 21.03, 34.59]","[24.06, 18.76, 18.06]","[1.85, 3.46, 5.4]","[137, 666, 1224]","[193, 501, 1044]"
A105630,한세실업,"[-0.06, 8.56, 15.2]","[-2776.24, 19.96, 13.04]","[1.71, 1.63, 1.85]","[849, 649, 1067]","[-173, 258, 673]"
A009180,한솔로지스틱스,"[11.43, 17.09, 35.28]","[7.14, 7.32, 4.6]","[0.9, 1.16, 1.37]","[95, 131, 303]","[59, 87, 235]"
A014680,한솔케미칼,"[20.88, 24.5, 23.88]","[13.85, 18.09, 23.34]","[2.62, 3.94, 4.93]","[1112, 1519, 1977]","[910, 1301, 1587]"
A078350,한양디지텍,"[-36.78, 11.71, 36.63]","[-4.54, 13.12, 10.9]","[1.93, 1.42, 3.21]","[-79, 69, 300]","[-128, 45, 242]"
A001755,한양증권우,"[7.85, 14.22, 20.28]","[4.69, 2.66, 2.62]","[0.35, 0.35, 0.48]","[296, 643, 1162]","[222, 459, 794]"
A001750,한양증권,"[7.85, 14.22, 20.28]","[4.69, 2.66, 2.62]","[0.35, 0.35, 0.48]","[296, 643, 1162]","[222, 459, 794]"
A002220,한일철강,"[-6.98, -3.3, 15.87]","[-4.24, -8.81, 2.78]","[0.28, 0.29, 0.37]","[-73, -42, 296]","[-109, -48, 255]"
A007770,한일화학,"[1.8, -1.42, 22.18]","[24.19, -27.43, 2.47]","[0.43, 0.39, 0.5]","[23, 15, 5]","[17, -13, 227]"
A000885,한화우,"[2.09, 4.61, 20.22]","[27.21, 14.09, 3.41]","[0.52, 0.63, 0.6]","[11257, 15490, 29279]","[2311, 7075, 21621]"
A00088K,한화3우B,"[2.09, 4.61, 20.22]","[27.21, 14.09, 3.41]","[0.52, 0.63, 0.6]","[11257, 15490, 29279]","[2311, 7075, 21621]"
A000880,한화,"[2.09, 4.61, 20.22]","[27.21, 14.09, 3.41]","[0.52, 0.63, 0.6]","[11257, 15490, 29279]","[2311, 7075, 21621]"
A195870,해성디에스,"[9.06, 13.62, 27.09]","[14.65, 13.83, 11.65]","[1.29, 1.79, 2.82]","[270, 435, 863]","[182, 300, 711]"
A042670,현대두산인프라코어,"[11.59, 6.47, 24.63]","[4.53, 10.53, 3.1]","[0.49, 0.68, 1.02]","[8404, 2644, 2645]","[3957, 2851, 5678]"
A004565,현대비앤지스틸우,"[5.55, 5.68, 15.07]","[6.28, 6.35, 3.58]","[0.34, 0.35, 0.5]","[365, 334, 897]","[218, 236, 698]"
A004560,현대비앤지스틸,"[5.55, 5.68, 15.07]","[6.28, 6.35, 3.58]","[0.34, 0.35, 0.5]","[365, 334, 897]","[218, 236, 698]"
A090850,현대이지웰,"[15.55, 19.36, 21.0]","[23.93, 26.39, 16.51]","[3.25, 4.18, 3.14]","[98, 133, 159]","[47, 79, 154]"
<<<<<<< HEAD
=======
A053660,현진소재,"[-282.53, 95.14, 22.83]","[-0.38, -0.83, -1.84]","[-4.88, -0.47, -0.38]","[-311, -141, -95]","[-673, -256, -116]"
>>>>>>> 92259ae0bf36b047b95c344b68dab7f4eb7924f4
A064240,홈캐스트,"[-13.86, -2.49, 23.7]","[-15.08, -57.85, 7.84]","[2.18, 1.45, 1.68]","[-89, -20, -46]","[-144, -46, 198]"
A004800,효성,"[4.25, -2.26, 18.04]","[16.08, -30.51, 4.55]","[0.66, 0.68, 0.72]","[2021, 1371, 6406]","[1500, 12, 5406]"
A094280,효성ITX,"[21.77, 25.21, 18.84]","[19.16, 22.62, 17.28]","[3.89, 5.59, 2.31]","[130, 168, 203]","[108, 127, 144]"
A298050,효성첨단소재,"[-19.74, 0.03, 54.69]","[-7.11, 8489.96, 10.65]","[1.53, 2.13, 4.41]","[1583, 342, 4373]","[-529, 68, 3300]"
A298020,효성티앤씨,"[20.86, 25.1, 76.22]","[7.18, 6.68, 2.93]","[1.36, 1.52, 1.58]","[3229, 2666, 14237]","[1220, 1683, 10079]"
A298000,효성화학,"[21.37, -2.71, 15.58]","[5.25, -42.98, 13.75]","[1.01, 1.24, 1.92]","[1539, 609, 1486]","[878, -116, 704]"
A081660,휠라홀딩스,"[23.8, 10.94, 16.2]","[12.14, 19.11, 9.26]","[2.58, 2.03, 1.34]","[4707, 3411, 4929]","[3381, 1977, 3378]"
A290270,휴네시온,"[7.8, 13.3, 43.95]","[24.93, 15.97, 4.16]","[1.88, 1.99, 1.48]","[19, 28, 29]","[18, 33, 149]"
A205470,휴마시스,"[-7.82, 0.0, 120.63]","[-31.81, 14.8, 3.78]","[2.57, 6.67, 2.83]","[-9, 254, 1936]","[-12, 209, 1512]"
A003280,흥아해운,"[-98.7, -2195.07, 42.88]","[-0.78, -0.53, 22.95]","[1.56, -1.02, 6.3]","[-124, -58, -19]","[-514, -509, 164]"
